{"cameraMode":{"drawMode":0,"name":"Shaded","section":"Shading Mode"},"sceneLighting":true,"audioPlay":false,"sceneViewState":{"showFog":false,"showMaterialUpdate":false,"showSkybox":false,"showFlares":false,"showImageEffects":false,"showParticleSystems":false},"in2DMode":false,"pivot":{"x":-0.3276534676551819,"y":11.702253341674805,"z":143.5472412109375},"rotation":{"x":0.024599634110927583,"y":0.002090959809720516,"z":0.00003196693796780892,"w":-0.9997105598449707},"size":74.78125,"orthographic":false}