{"cameraMode":{"drawMode":0,"name":"Shaded","section":"Shading Mode"},"sceneLighting":false,"audioPlay":false,"sceneViewState":{"showFog":true,"showMaterialUpdate":true,"showSkybox":false,"showFlares":true,"showImageEffects":true,"showParticleSystems":true},"in2DMode":false,"pivot":{"x":3.5762786865234377e-7,"y":0.9836481213569641,"z":0.15558528900146485},"rotation":{"x":0.2960488498210907,"y":0.045222554355859759,"z":-0.014038934372365475,"w":0.9540066123008728},"size":2.9389383792877199,"orthographic":false}